,goalie,defs,mids,atks,offdeff,intensity,dirspeed,deads,press,contra,buildup,progress,carr,wings,agresive,deferror,offsucc
Liverpool,0.95,0.775,0.95,0.375,0.95,0.95,0.2,0.15,0.95,0.5,0.95,0.55,0.25,0.4,0.55,0.45,0.8
Manchester Utd,0.5,0.85,0.85,0.9,0.9,0.85,0.1,0.25,0.7,0.85,0.85,0.7,0.55,0.5,0.5,0.4,1.0
Burnley,0.6,0.3,0.25,0.2,0.75,0.15,1.0,0.8,0.4,0.1,0.05,0.5,0.05,0.7,0.3,0.05,0.35
Newcastle Utd,0.25,0.15,0.4,0.55,0.05,0.1,0.85,0.95,0.05,0.55,0.15,0.3,0.8,1.0,0.05,0.7,0.3
Wolves,0.4,0.55,0.2,0.375,0.55,0.45,0.4,0.55,0.35,0.45,0.5,0.25,1.0,0.95,0.95,0.35,0.1
West Ham,0.45,0.65,0.7,0.7,0.6,0.3,0.6,0.75,0.15,0.65,0.3,0.9,0.75,0.9,0.15,0.5,0.75
Chelsea,0.3,0.95,0.9,0.25,0.85,0.9,0.25,0.1,0.85,0.9,0.9,0.2,0.65,0.2,0.6,0.25,0.5
Brighton,0.1,0.9,0.5,0.15,0.45,0.55,0.5,0.4,0.6,0.4,0.4,0.6,0.35,0.45,0.7,0.55,0.6
Leeds United,0.7,0.25,0.75,0.65,0.15,0.7,0.35,0.6,1.0,1.0,0.45,0.85,0.6,0.35,0.65,1.0,0.65
Everton,0.75,0.5,0.45,0.45,0.1,0.4,0.3,0.35,0.3,0.7,0.35,0.05,0.7,0.55,0.2,0.2,0.95
Manchester City,0.8,1.0,1.0,1.0,1.0,1.0,0.05,0.05,0.75,0.35,1.0,0.4,0.9,0.1,0.45,0.3,0.9
Arsenal,0.65,0.775,0.55,0.6,0.65,0.8,0.15,0.2,0.45,0.25,0.8,0.75,0.2,0.25,0.1,0.1,0.25
Tottenham,0.85,0.6,0.65,0.95,0.3,0.65,0.55,0.45,0.55,0.8,0.65,0.15,0.5,0.3,0.35,0.65,0.7
Crystal Palace,0.05,0.2,0.1,0.75,0.25,0.2,0.7,0.9,0.2,0.3,0.55,0.65,0.45,0.65,0.9,0.6,0.4
Southampton,0.15,0.35,0.35,0.8,0.4,0.5,0.8,0.65,0.9,0.6,0.75,0.1,0.85,0.05,1.0,0.8,0.2
Aston Villa,1.0,0.45,0.6,0.5,0.7,0.35,0.9,0.85,0.65,0.95,0.2,1.0,0.3,0.75,0.75,0.85,0.55
Leicester City,0.2,0.7,0.8,0.85,0.5,0.75,0.65,0.3,0.8,0.75,0.7,0.35,0.4,0.15,0.85,0.15,0.85
Norwich City,0.15,0.05,0.05,0.05,0.05,0.25,0.4,0.8,0.05,0.1,0.3,0.2,0.85,0.7,0.1,0.45,0.05
Brentford,0.45,0.65,0.5,0.475,0.1,0.3,0.95,0.7,0.5,0.75,0.25,0.6,0.05,0.25,0.9,0.5,0.55
Watford,0.05,0.15,0.25,0.15,0.25,0.2,0.85,0.9,0.1,0.3,0.1,0.75,0.75,1.0,0.45,0.85,0.35
